imcraRegion,yearStart,yearEnd,griisStatus,recordCount,speciesCount
Abrolhos Islands,1900,1970,Native,1054,401
Abrolhos Islands,1971,1975,Introduced,4,2
Abrolhos Islands,1971,1975,Native,287,147
Abrolhos Islands,1976,1980,Native,407,200
Abrolhos Islands,1981,1985,Native,188,130
Abrolhos Islands,1986,1990,Introduced,33,11
Abrolhos Islands,1986,1990,Native,624,255
Abrolhos Islands,1991,1995,Introduced,1,1
Abrolhos Islands,1991,1995,Native,1591,362
Abrolhos Islands,1996,2000,Introduced,10,9
Abrolhos Islands,1996,2000,Invasive,1,1
Abrolhos Islands,1996,2000,Native,923,153
Abrolhos Islands,2001,2005,Introduced,14,13
Abrolhos Islands,2001,2005,Native,396,180
Abrolhos Islands,2006,2010,Native,2458,229
Abrolhos Islands,2011,2015,Native,57,31
Abrolhos Islands,2016,2020,Native,615,72
Anson Beagle,1900,1970,Introduced,36,22
Anson Beagle,1900,1970,Invasive,4,3
Anson Beagle,1900,1970,Native,4076,1712
Anson Beagle,1971,1975,Introduced,7,6
Anson Beagle,1971,1975,Invasive,1,1
Anson Beagle,1971,1975,Native,1789,903
Anson Beagle,1976,1980,Introduced,2,2
Anson Beagle,1976,1980,Invasive,3,1
Anson Beagle,1976,1980,Native,3617,964
Anson Beagle,1981,1985,Introduced,11,8
Anson Beagle,1981,1985,Native,5744,1506
Anson Beagle,1986,1990,Introduced,5,4
Anson Beagle,1986,1990,Invasive,7,5
Anson Beagle,1986,1990,Native,6895,1079
Anson Beagle,1991,1995,Introduced,5,5
Anson Beagle,1991,1995,Invasive,9,3
Anson Beagle,1991,1995,Native,15391,1644
Anson Beagle,1996,2000,Introduced,17,11
Anson Beagle,1996,2000,Invasive,36,5
Anson Beagle,1996,2000,Native,7268,1134
Anson Beagle,2001,2005,Introduced,34,25
Anson Beagle,2001,2005,Invasive,5,1
Anson Beagle,2001,2005,Native,6978,1220
Anson Beagle,2006,2010,Introduced,4,3
Anson Beagle,2006,2010,Invasive,30,3
Anson Beagle,2006,2010,Native,7554,795
Anson Beagle,2011,2015,Introduced,2,2
Anson Beagle,2011,2015,Invasive,3,2
Anson Beagle,2011,2015,Native,8208,693
Anson Beagle,2016,2020,Introduced,2,2
Anson Beagle,2016,2020,Invasive,2,2
Anson Beagle,2016,2020,Native,24670,439
Arafura,1900,1970,Native,3834,317
Arafura,1971,1975,Native,1014,244
Arafura,1976,1980,Native,1936,401
Arafura,1981,1985,Native,3045,379
Arafura,1986,1990,Native,1968,579
Arafura,1991,1995,Native,1252,337
Arafura,1996,2000,Native,157,44
Arafura,2001,2005,Native,585,113
Arafura,2006,2010,Native,28,14
Arafura,2011,2015,Native,1329,295
Arafura,2016,2020,Introduced,1,1
Arafura,2016,2020,Native,187,75
Arnhem Wessel,1900,1970,Introduced,1,1
Arnhem Wessel,1900,1970,Native,971,434
Arnhem Wessel,1971,1975,Introduced,8,4
Arnhem Wessel,1971,1975,Native,1089,530
Arnhem Wessel,1976,1980,Native,802,403
Arnhem Wessel,1981,1985,Native,825,227
Arnhem Wessel,1986,1990,Introduced,9,7
Arnhem Wessel,1986,1990,Native,1100,620
Arnhem Wessel,1991,1995,Introduced,7,7
Arnhem Wessel,1991,1995,Invasive,4,2
Arnhem Wessel,1991,1995,Native,3586,615
Arnhem Wessel,1996,2000,Introduced,18,12
Arnhem Wessel,1996,2000,Invasive,4,2
Arnhem Wessel,1996,2000,Native,3907,584
Arnhem Wessel,2001,2005,Introduced,33,17
Arnhem Wessel,2001,2005,Native,1666,567
Arnhem Wessel,2006,2010,Introduced,6,4
Arnhem Wessel,2006,2010,Native,400,127
Arnhem Wessel,2011,2015,Native,1874,279
Arnhem Wessel,2016,2020,Native,138,78
Batemans Shelf,1900,1970,Introduced,50,28
Batemans Shelf,1900,1970,Invasive,5,2
Batemans Shelf,1900,1970,Native,51437,2284
Batemans Shelf,1971,1975,Introduced,18,10
Batemans Shelf,1971,1975,Invasive,3,1
Batemans Shelf,1971,1975,Native,3641,1100
Batemans Shelf,1976,1980,Introduced,12,8
Batemans Shelf,1976,1980,Native,7080,1338
Batemans Shelf,1981,1985,Introduced,10,8
Batemans Shelf,1981,1985,Invasive,5,2
Batemans Shelf,1981,1985,Native,5332,995
Batemans Shelf,1986,1990,Introduced,51,27
Batemans Shelf,1986,1990,Native,10991,1572
Batemans Shelf,1991,1995,Introduced,41,18
Batemans Shelf,1991,1995,Invasive,1,1
Batemans Shelf,1991,1995,Native,14999,1238
Batemans Shelf,1996,2000,Introduced,32,21
Batemans Shelf,1996,2000,Invasive,1,1
Batemans Shelf,1996,2000,Native,10669,1215
Batemans Shelf,2001,2005,Introduced,8,5
Batemans Shelf,2001,2005,Invasive,1,1
Batemans Shelf,2001,2005,Native,9564,1252
Batemans Shelf,2006,2010,Introduced,12,6
Batemans Shelf,2006,2010,Invasive,8,5
Batemans Shelf,2006,2010,Native,16090,909
Batemans Shelf,2011,2015,Introduced,66,43
Batemans Shelf,2011,2015,Invasive,6,5
Batemans Shelf,2011,2015,Native,30874,1228
Batemans Shelf,2016,2020,Introduced,47,30
Batemans Shelf,2016,2020,Invasive,4,2
Batemans Shelf,2016,2020,Native,15208,1206
Boags,1900,1970,Introduced,62,34
Boags,1900,1970,Invasive,4,2
Boags,1900,1970,Native,6467,1594
Boags,1971,1975,Introduced,10,9
Boags,1971,1975,Invasive,2,1
Boags,1971,1975,Native,959,523
Boags,1976,1980,Introduced,11,10
Boags,1976,1980,Invasive,2,1
Boags,1976,1980,Native,5463,931
Boags,1981,1985,Introduced,16,14
Boags,1981,1985,Invasive,1,1
Boags,1981,1985,Native,1963,670
Boags,1986,1990,Introduced,31,21
Boags,1986,1990,Native,1278,658
Boags,1991,1995,Introduced,1,1
Boags,1991,1995,Invasive,2,1
Boags,1991,1995,Native,6559,733
Boags,1996,2000,Introduced,13,10
Boags,1996,2000,Native,3631,500
Boags,2001,2005,Introduced,58,42
Boags,2001,2005,Invasive,2,2
Boags,2001,2005,Native,4263,684
Boags,2006,2010,Introduced,14,10
Boags,2006,2010,Native,13292,984
Boags,2011,2015,Introduced,5,5
Boags,2011,2015,Native,5550,559
Boags,2016,2020,Introduced,10,7
Boags,2016,2020,Invasive,2,2
Boags,2016,2020,Native,7948,674
Bonaparte Gulf,1900,1970,Native,1096,489
Bonaparte Gulf,1971,1975,Native,62,44
Bonaparte Gulf,1976,1980,Native,2220,270
Bonaparte Gulf,1981,1985,Native,181,74
Bonaparte Gulf,1986,1990,Native,393,162
Bonaparte Gulf,1991,1995,Native,421,327
Bonaparte Gulf,1996,2000,Native,214,150
Bonaparte Gulf,2001,2005,Native,380,147
Bonaparte Gulf,2006,2010,Native,745,256
Bonaparte Gulf,2011,2015,Native,449,120
Bonaparte Gulf,2016,2020,Native,80,46
Bruny,1900,1970,Introduced,160,84
Bruny,1900,1970,Invasive,3,2
Bruny,1900,1970,Native,9842,2262
Bruny,1971,1975,Introduced,11,9
Bruny,1971,1975,Native,1847,828
Bruny,1976,1980,Introduced,23,20
Bruny,1976,1980,Native,6318,925
Bruny,1981,1985,Introduced,31,24
Bruny,1981,1985,Invasive,5,2
Bruny,1981,1985,Native,2768,933
Bruny,1986,1990,Introduced,57,19
Bruny,1986,1990,Invasive,4,2
Bruny,1986,1990,Native,1871,638
Bruny,1991,1995,Introduced,29,10
Bruny,1991,1995,Native,78799,967
Bruny,1996,2000,Introduced,420,11
Bruny,1996,2000,Invasive,6,1
Bruny,1996,2000,Native,10247,659
Bruny,2001,2005,Introduced,27,20
Bruny,2001,2005,Invasive,2,2
Bruny,2001,2005,Native,20917,778
Bruny,2006,2010,Introduced,42,28
Bruny,2006,2010,Invasive,3,2
Bruny,2006,2010,Native,26451,1314
Bruny,2011,2015,Introduced,58,19
Bruny,2011,2015,Native,26002,1346
Bruny,2016,2020,Introduced,54,38
Bruny,2016,2020,Invasive,34,4
Bruny,2016,2020,Native,42243,1081
Cambridge-Bonaparte,1900,1970,Native,190,117
Cambridge-Bonaparte,1971,1975,Native,43,29
Cambridge-Bonaparte,1976,1980,Native,157,92
Cambridge-Bonaparte,1981,1985,Native,40,32
Cambridge-Bonaparte,1986,1990,Native,214,44
Cambridge-Bonaparte,1991,1995,Native,229,80
Cambridge-Bonaparte,1996,2000,Invasive,2,1
Cambridge-Bonaparte,1996,2000,Native,461,137
Cambridge-Bonaparte,2001,2005,Native,191,94
Cambridge-Bonaparte,2006,2010,Introduced,9,9
Cambridge-Bonaparte,2006,2010,Native,131,76
Cambridge-Bonaparte,2011,2015,Introduced,1,1
Cambridge-Bonaparte,2011,2015,Invasive,10,1
Cambridge-Bonaparte,2011,2015,Native,144,84
Cambridge-Bonaparte,2016,2020,Native,148,44
Canning,1900,1970,Native,1348,669
Canning,1971,1975,Native,360,258
Canning,1976,1980,Introduced,1,1
Canning,1976,1980,Native,820,444
Canning,1981,1985,Introduced,1,1
Canning,1981,1985,Native,563,341
Canning,1986,1990,Introduced,3,2
Canning,1986,1990,Native,768,402
Canning,1991,1995,Introduced,3,3
Canning,1991,1995,Invasive,2,1
Canning,1991,1995,Native,859,301
Canning,1996,2000,Introduced,4,2
Canning,1996,2000,Native,5802,370
Canning,2001,2005,Native,5052,390
Canning,2006,2010,Native,9326,369
Canning,2011,2015,Native,21680,239
Canning,2016,2020,Introduced,1,1
Canning,2016,2020,Native,64013,287
Carpentaria,1900,1970,Native,4297,343
Carpentaria,1971,1975,Native,1696,188
Carpentaria,1976,1980,Native,4976,298
Carpentaria,1981,1985,Native,2446,256
Carpentaria,1986,1990,Native,12694,769
Carpentaria,1991,1995,Native,10710,686
Carpentaria,1996,2000,Native,12780,416
Carpentaria,2001,2005,Native,5128,292
Carpentaria,2006,2010,Native,368,17
Carpentaria,2011,2015,Native,201,68
Carpentaria,2016,2020,Native,86,41
Central Bass Strait,1900,1970,Introduced,2,2
Central Bass Strait,1900,1970,Native,2206,423
Central Bass Strait,1971,1975,Native,671,343
Central Bass Strait,1976,1980,Native,1766,618
Central Bass Strait,1981,1985,Introduced,1,1
Central Bass Strait,1981,1985,Invasive,1,1
Central Bass Strait,1981,1985,Native,2280,561
Central Bass Strait,1986,1990,Native,244,127
Central Bass Strait,1991,1995,Native,72,24
Central Bass Strait,1996,2000,Native,390,188
Central Bass Strait,2001,2005,Native,466,102
Central Bass Strait,2006,2010,Introduced,6,1
Central Bass Strait,2006,2010,Native,166,62
Central Bass Strait,2011,2015,Introduced,1,1
Central Bass Strait,2011,2015,Native,1289,211
Central Bass Strait,2016,2020,Invasive,2,1
Central Bass Strait,2016,2020,Native,410,81
Central Reef,1900,1970,Introduced,8,7
Central Reef,1900,1970,Native,4903,1722
Central Reef,1971,1975,Introduced,8,7
Central Reef,1971,1975,Native,3848,1367
Central Reef,1976,1980,Native,2126,872
Central Reef,1981,1985,Introduced,1,1
Central Reef,1981,1985,Native,2405,1022
Central Reef,1986,1990,Introduced,1,1
Central Reef,1986,1990,Native,2754,589
Central Reef,1991,1995,Native,9939,534
Central Reef,1996,2000,Introduced,1,1
Central Reef,1996,2000,Native,17319,444
Central Reef,2001,2005,Introduced,3,2
Central Reef,2001,2005,Invasive,5,2
Central Reef,2001,2005,Native,31938,1262
Central Reef,2006,2010,Native,27612,593
Central Reef,2011,2015,Native,101921,690
Central Reef,2016,2020,Native,18491,703
Central Victoria,1900,1970,Introduced,61,28
Central Victoria,1900,1970,Invasive,2,2
Central Victoria,1900,1970,Native,18498,1454
Central Victoria,1971,1975,Introduced,5,4
Central Victoria,1971,1975,Invasive,10,2
Central Victoria,1971,1975,Native,5792,775
Central Victoria,1976,1980,Introduced,70,39
Central Victoria,1976,1980,Invasive,4,1
Central Victoria,1976,1980,Native,15752,1174
Central Victoria,1981,1985,Introduced,46,25
Central Victoria,1981,1985,Invasive,7,3
Central Victoria,1981,1985,Native,6703,963
Central Victoria,1986,1990,Introduced,23,17
Central Victoria,1986,1990,Invasive,3,2
Central Victoria,1986,1990,Native,7445,652
Central Victoria,1991,1995,Introduced,43,14
Central Victoria,1991,1995,Invasive,6,2
Central Victoria,1991,1995,Native,10367,381
Central Victoria,1996,2000,Introduced,29,19
Central Victoria,1996,2000,Invasive,1,1
Central Victoria,1996,2000,Native,18529,945
Central Victoria,2001,2005,Introduced,16,7
Central Victoria,2001,2005,Invasive,9,2
Central Victoria,2001,2005,Native,32176,678
Central Victoria,2006,2010,Introduced,11,6
Central Victoria,2006,2010,Native,8142,609
Central Victoria,2011,2015,Introduced,3,3
Central Victoria,2011,2015,Invasive,1,1
Central Victoria,2011,2015,Native,10859,658
Central Victoria,2016,2020,Introduced,20,14
Central Victoria,2016,2020,Invasive,2,2
Central Victoria,2016,2020,Native,18930,866
Central West Coast,1900,1970,Introduced,28,14
Central West Coast,1900,1970,Native,2605,1259
Central West Coast,1971,1975,Introduced,5,4
Central West Coast,1971,1975,Native,1351,658
Central West Coast,1976,1980,Introduced,16,11
Central West Coast,1976,1980,Invasive,1,1
Central West Coast,1976,1980,Native,5370,806
Central West Coast,1981,1985,Introduced,66,31
Central West Coast,1981,1985,Invasive,2,2
Central West Coast,1981,1985,Native,2181,861
Central West Coast,1986,1990,Introduced,37,26
Central West Coast,1986,1990,Invasive,4,3
Central West Coast,1986,1990,Native,983,498
Central West Coast,1991,1995,Introduced,11,8
Central West Coast,1991,1995,Native,632,292
Central West Coast,1996,2000,Introduced,12,8
Central West Coast,1996,2000,Native,2598,542
Central West Coast,2001,2005,Introduced,7,4
Central West Coast,2001,2005,Invasive,1,1
Central West Coast,2001,2005,Native,9340,885
Central West Coast,2006,2010,Introduced,2,2
Central West Coast,2006,2010,Native,6892,727
Central West Coast,2011,2015,Native,1681,275
Central West Coast,2016,2020,Introduced,7,4
Central West Coast,2016,2020,Native,4007,551
Cobourg,1900,1970,Invasive,1,1
Cobourg,1900,1970,Native,2305,646
Cobourg,1971,1975,Native,260,181
Cobourg,1976,1980,Invasive,2,1
Cobourg,1976,1980,Native,1252,600
Cobourg,1981,1985,Introduced,2,2
Cobourg,1981,1985,Native,4605,1441
Cobourg,1986,1990,Introduced,16,5
Cobourg,1986,1990,Native,1766,829
Cobourg,1991,1995,Introduced,28,13
Cobourg,1991,1995,Invasive,2,1
Cobourg,1991,1995,Native,1887,476
Cobourg,1996,2000,Introduced,1,1
Cobourg,1996,2000,Invasive,6,1
Cobourg,1996,2000,Native,2053,384
Cobourg,2001,2005,Introduced,30,10
Cobourg,2001,2005,Invasive,2,1
Cobourg,2001,2005,Native,631,320
Cobourg,2006,2010,Introduced,1,1
Cobourg,2006,2010,Native,1148,250
Cobourg,2011,2015,Introduced,18,12
Cobourg,2011,2015,Invasive,7,3
Cobourg,2011,2015,Native,1107,251
Cobourg,2016,2020,Native,293,116
Coorong,1900,1970,Introduced,88,50
Coorong,1900,1970,Invasive,2,1
Coorong,1900,1970,Native,3372,1215
Coorong,1971,1975,Introduced,15,11
Coorong,1971,1975,Invasive,1,1
Coorong,1971,1975,Native,6252,438
Coorong,1976,1980,Introduced,11,7
Coorong,1976,1980,Invasive,1,1
Coorong,1976,1980,Native,2002,428
Coorong,1981,1985,Introduced,35,26
Coorong,1981,1985,Invasive,1,1
Coorong,1981,1985,Native,2540,496
Coorong,1986,1990,Introduced,30,23
Coorong,1986,1990,Invasive,3,2
Coorong,1986,1990,Native,3764,337
Coorong,1991,1995,Introduced,6,5
Coorong,1991,1995,Invasive,1,1
Coorong,1991,1995,Native,3810,252
Coorong,1996,2000,Introduced,5,5
Coorong,1996,2000,Native,2083,363
Coorong,2001,2005,Introduced,1,1
Coorong,2001,2005,Native,2556,367
Coorong,2006,2010,Introduced,2,2
Coorong,2006,2010,Native,2320,348
Coorong,2011,2015,Introduced,1,1
Coorong,2011,2015,Invasive,4,2
Coorong,2011,2015,Native,3254,363
Coorong,2016,2020,Introduced,6,4
Coorong,2016,2020,Native,2922,418
Davey,1900,1970,Introduced,6,5
Davey,1900,1970,Native,1006,502
Davey,1971,1975,Introduced,1,1
Davey,1971,1975,Native,348,199
Davey,1976,1980,Introduced,18,10
Davey,1976,1980,Native,895,308
Davey,1981,1985,Introduced,6,3
Davey,1981,1985,Native,1033,338
Davey,1986,1990,Introduced,3,2
Davey,1986,1990,Native,671,274
Davey,1991,1995,Introduced,11,10
Davey,1991,1995,Native,2027,300
Davey,1996,2000,Introduced,1,1
Davey,1996,2000,Native,670,194
Davey,2001,2005,Native,4535,198
Davey,2006,2010,Introduced,7,6
Davey,2006,2010,Native,5508,532
Davey,2011,2015,Native,834,178
Davey,2016,2020,Introduced,2,2
Davey,2016,2020,Native,510,125
East Cape York,1900,1970,Introduced,2,2
East Cape York,1900,1970,Native,2481,1341
East Cape York,1971,1975,Introduced,4,4
East Cape York,1971,1975,Native,1191,500
East Cape York,1976,1980,Introduced,2,2
East Cape York,1976,1980,Native,2399,1129
East Cape York,1981,1985,Introduced,3,2
East Cape York,1981,1985,Native,1472,475
East Cape York,1986,1990,Introduced,2,2
East Cape York,1986,1990,Native,979,383
East Cape York,1991,1995,Introduced,2,2
East Cape York,1991,1995,Invasive,1,1
East Cape York,1991,1995,Native,8474,957
East Cape York,1996,2000,Introduced,3,1
East Cape York,1996,2000,Invasive,1,1
East Cape York,1996,2000,Native,1164,281
East Cape York,2001,2005,Introduced,1,1
East Cape York,2001,2005,Invasive,5,2
East Cape York,2001,2005,Native,5743,788
East Cape York,2006,2010,Introduced,1,1
East Cape York,2006,2010,Invasive,16,1
East Cape York,2006,2010,Native,1270,283
East Cape York,2011,2015,Introduced,1,1
East Cape York,2011,2015,Native,3598,282
East Cape York,2016,2020,Introduced,4,2
East Cape York,2016,2020,Native,4395,394
Eighty Mile Beach,1900,1970,Native,155,124
Eighty Mile Beach,1971,1975,Native,86,83
Eighty Mile Beach,1976,1980,Native,307,157
Eighty Mile Beach,1981,1985,Native,49,40
Eighty Mile Beach,1986,1990,Introduced,1,1
Eighty Mile Beach,1986,1990,Native,8,8
Eighty Mile Beach,1991,1995,Native,126,71
Eighty Mile Beach,1996,2000,Native,127,58
Eighty Mile Beach,2001,2005,Native,291,104
Eighty Mile Beach,2006,2010,Native,231,60
Eighty Mile Beach,2011,2015,Native,215,51
Eighty Mile Beach,2016,2020,Native,1092,94
Eucla,1900,1970,Introduced,5,3
Eucla,1900,1970,Native,16359,958
Eucla,1971,1975,Introduced,1,1
Eucla,1971,1975,Native,3202,208
Eucla,1976,1980,Introduced,1,1
Eucla,1976,1980,Native,2777,407
Eucla,1981,1985,Native,2255,380
Eucla,1986,1990,Native,1335,130
Eucla,1991,1995,Introduced,1,1
Eucla,1991,1995,Native,377,149
Eucla,1996,2000,Introduced,1,1
Eucla,1996,2000,Invasive,26,2
Eucla,1996,2000,Native,953,261
Eucla,2001,2005,Invasive,48,2
Eucla,2001,2005,Native,1664,335
Eucla,2006,2010,Introduced,2,1
Eucla,2006,2010,Native,2574,221
Eucla,2011,2015,Native,3016,240
Eucla,2016,2020,Native,3834,107
Eyre,1900,1970,Introduced,107,59
Eyre,1900,1970,Invasive,5,4
Eyre,1900,1970,Native,11724,2289
Eyre,1971,1975,Introduced,38,21
Eyre,1971,1975,Native,2734,933
Eyre,1976,1980,Introduced,122,27
Eyre,1976,1980,Invasive,24,3
Eyre,1976,1980,Native,6222,940
Eyre,1981,1985,Introduced,89,24
Eyre,1981,1985,Invasive,27,3
Eyre,1981,1985,Native,5436,1094
Eyre,1986,1990,Introduced,115,40
Eyre,1986,1990,Invasive,4,4
Eyre,1986,1990,Native,2807,684
Eyre,1991,1995,Introduced,22,18
Eyre,1991,1995,Native,5294,768
Eyre,1996,2000,Introduced,40,20
Eyre,1996,2000,Invasive,8,3
Eyre,1996,2000,Native,3694,784
Eyre,2001,2005,Introduced,19,14
Eyre,2001,2005,Invasive,9,3
Eyre,2001,2005,Native,5235,594
Eyre,2006,2010,Introduced,14,8
Eyre,2006,2010,Invasive,76,4
Eyre,2006,2010,Native,6037,730
Eyre,2011,2015,Introduced,7,4
Eyre,2011,2015,Native,6463,594
Eyre,2016,2020,Introduced,4,3
Eyre,2016,2020,Invasive,19,2
Eyre,2016,2020,Native,3015,411
Flinders,1900,1970,Introduced,131,56
Flinders,1900,1970,Invasive,4,2
Flinders,1900,1970,Native,11549,1688
Flinders,1971,1975,Introduced,120,45
Flinders,1971,1975,Invasive,3,1
Flinders,1971,1975,Native,3432,943
Flinders,1976,1980,Introduced,61,29
Flinders,1976,1980,Invasive,7,2
Flinders,1976,1980,Native,6503,1056
Flinders,1981,1985,Introduced,27,13
Flinders,1981,1985,Invasive,2,1
Flinders,1981,1985,Native,4764,1208
Flinders,1986,1990,Introduced,354,67
Flinders,1986,1990,Invasive,14,3
Flinders,1986,1990,Native,7401,653
Flinders,1991,1995,Introduced,4,2
Flinders,1991,1995,Native,10137,551
Flinders,1996,2000,Introduced,10,9
Flinders,1996,2000,Invasive,3,3
Flinders,1996,2000,Native,17655,985
Flinders,2001,2005,Introduced,5,4
Flinders,2001,2005,Native,10696,578
Flinders,2006,2010,Introduced,9,8
Flinders,2006,2010,Invasive,1,1
Flinders,2006,2010,Native,4242,858
Flinders,2011,2015,Introduced,11,7
Flinders,2011,2015,Native,1520,577
Flinders,2016,2020,Native,1989,345
Franklin,1900,1970,Introduced,7,5
Franklin,1900,1970,Native,794,428
Franklin,1971,1975,Introduced,2,2
Franklin,1971,1975,Native,631,340
Franklin,1976,1980,Introduced,9,7
Franklin,1976,1980,Native,1532,410
Franklin,1981,1985,Introduced,55,16
Franklin,1981,1985,Native,2694,661
Franklin,1986,1990,Introduced,8,7
Franklin,1986,1990,Native,427,236
Franklin,1991,1995,Introduced,1,1
Franklin,1991,1995,Native,1126,230
Franklin,1996,2000,Introduced,1,1
Franklin,1996,2000,Native,633,231
Franklin,2001,2005,Introduced,7,4
Franklin,2001,2005,Native,953,343
Franklin,2006,2010,Introduced,4,4
Franklin,2006,2010,Native,1857,354
Franklin,2011,2015,Native,821,390
Franklin,2016,2020,Introduced,14,8
Franklin,2016,2020,Native,874,193
Freycinet,1900,1970,Introduced,3,2
Freycinet,1900,1970,Native,3632,1301
Freycinet,1971,1975,Introduced,2,2
Freycinet,1971,1975,Native,1627,618
Freycinet,1976,1980,Introduced,18,14
Freycinet,1976,1980,Invasive,34,1
Freycinet,1976,1980,Native,3599,766
Freycinet,1981,1985,Introduced,44,29
Freycinet,1981,1985,Invasive,1,1
Freycinet,1981,1985,Native,3559,1091
Freycinet,1986,1990,Introduced,2,2
Freycinet,1986,1990,Native,1507,552
Freycinet,1991,1995,Introduced,2,1
Freycinet,1991,1995,Native,18154,716
Freycinet,1996,2000,Introduced,4,4
Freycinet,1996,2000,Native,2426,443
Freycinet,2001,2005,Introduced,5,4
Freycinet,2001,2005,Native,25555,688
Freycinet,2006,2010,Introduced,2,2
Freycinet,2006,2010,Invasive,14,1
Freycinet,2006,2010,Native,31162,1008
Freycinet,2011,2015,Introduced,4,4
Freycinet,2011,2015,Native,5712,915
Freycinet,2016,2020,Introduced,4,4
Freycinet,2016,2020,Invasive,7,1
Freycinet,2016,2020,Native,3924,707
Groote,1900,1970,Introduced,9,3
Groote,1900,1970,Native,2169,831
Groote,1971,1975,Introduced,7,2
Groote,1971,1975,Native,1000,647
Groote,1976,1980,Native,4376,580
Groote,1981,1985,Introduced,3,2
Groote,1981,1985,Native,1571,405
Groote,1986,1990,Introduced,11,9
Groote,1986,1990,Invasive,1,1
Groote,1986,1990,Native,1168,479
Groote,1991,1995,Introduced,6,2
Groote,1991,1995,Native,4509,709
Groote,1996,2000,Introduced,29,16
Groote,1996,2000,Invasive,2,2
Groote,1996,2000,Native,25104,844
Groote,2001,2005,Introduced,4,4
Groote,2001,2005,Invasive,1,1
Groote,2001,2005,Native,2528,478
Groote,2006,2010,Introduced,2,2
Groote,2006,2010,Native,3710,337
Groote,2011,2015,Introduced,2,2
Groote,2011,2015,Native,2856,284
Groote,2016,2020,Native,1872,213
Hawkesbury Shelf,1900,1970,Introduced,282,106
Hawkesbury Shelf,1900,1970,Invasive,10,6
Hawkesbury Shelf,1900,1970,Native,75518,5235
Hawkesbury Shelf,1971,1975,Introduced,78,28
Hawkesbury Shelf,1971,1975,Invasive,5,3
Hawkesbury Shelf,1971,1975,Native,13132,2476
Hawkesbury Shelf,1976,1980,Introduced,69,28
Hawkesbury Shelf,1976,1980,Invasive,5,3
Hawkesbury Shelf,1976,1980,Native,13031,2114
Hawkesbury Shelf,1981,1985,Introduced,41,25
Hawkesbury Shelf,1981,1985,Invasive,8,5
Hawkesbury Shelf,1981,1985,Native,9982,1603
Hawkesbury Shelf,1986,1990,Introduced,28,17
Hawkesbury Shelf,1986,1990,Invasive,6,1
Hawkesbury Shelf,1986,1990,Native,24311,1471
Hawkesbury Shelf,1991,1995,Introduced,146,11
Hawkesbury Shelf,1991,1995,Invasive,4,3
Hawkesbury Shelf,1991,1995,Native,20279,1483
Hawkesbury Shelf,1996,2000,Introduced,39,21
Hawkesbury Shelf,1996,2000,Invasive,7,3
Hawkesbury Shelf,1996,2000,Native,9239,1438
Hawkesbury Shelf,2001,2005,Introduced,98,50
Hawkesbury Shelf,2001,2005,Invasive,18,4
Hawkesbury Shelf,2001,2005,Native,15363,1547
Hawkesbury Shelf,2006,2010,Introduced,70,38
Hawkesbury Shelf,2006,2010,Invasive,54,7
Hawkesbury Shelf,2006,2010,Native,57329,1333
Hawkesbury Shelf,2011,2015,Introduced,26,19
Hawkesbury Shelf,2011,2015,Invasive,17,4
Hawkesbury Shelf,2011,2015,Native,91901,1485
Hawkesbury Shelf,2016,2020,Introduced,189,71
Hawkesbury Shelf,2016,2020,Invasive,64,11
Hawkesbury Shelf,2016,2020,Native,60967,2460
Karumba-Nassau,1900,1970,Native,4062,792
Karumba-Nassau,1971,1975,Introduced,1,1
Karumba-Nassau,1971,1975,Native,807,213
Karumba-Nassau,1976,1980,Native,3752,608
Karumba-Nassau,1981,1985,Native,898,295
Karumba-Nassau,1986,1990,Native,950,317
Karumba-Nassau,1991,1995,Native,103,64
Karumba-Nassau,1996,2000,Native,6218,564
Karumba-Nassau,2001,2005,Native,2158,400
Karumba-Nassau,2006,2010,Native,222,80
Karumba-Nassau,2011,2015,Native,984,218
Karumba-Nassau,2016,2020,Native,829,135
Kimberley,1900,1970,Native,1776,883
Kimberley,1971,1975,Introduced,1,1
Kimberley,1971,1975,Native,778,444
Kimberley,1976,1980,Native,2060,683
Kimberley,1981,1985,Introduced,1,1
Kimberley,1981,1985,Native,1500,588
Kimberley,1986,1990,Introduced,7,7
Kimberley,1986,1990,Native,2368,960
Kimberley,1991,1995,Introduced,15,14
Kimberley,1991,1995,Native,2800,1054
Kimberley,1996,2000,Introduced,6,5
Kimberley,1996,2000,Invasive,1,1
Kimberley,1996,2000,Native,2013,593
Kimberley,2001,2005,Introduced,2,1
Kimberley,2001,2005,Native,2390,422
Kimberley,2006,2010,Introduced,6,4
Kimberley,2006,2010,Native,2238,802
Kimberley,2011,2015,Native,1636,321
Kimberley,2016,2020,Native,1016,297
King Sound,1900,1970,Introduced,2,1
King Sound,1900,1970,Native,297,188
King Sound,1971,1975,Introduced,1,1
King Sound,1971,1975,Native,106,97
King Sound,1976,1980,Native,238,102
King Sound,1981,1985,Native,266,84
King Sound,1986,1990,Native,30,21
King Sound,1991,1995,Native,4,3
King Sound,1996,2000,Introduced,1,1
King Sound,1996,2000,Native,262,77
King Sound,2001,2005,Native,456,132
King Sound,2006,2010,Native,378,131
King Sound,2011,2015,Native,262,107
King Sound,2016,2020,Native,341,82
Leeuwin-Naturaliste,1900,1970,Introduced,73,45
Leeuwin-Naturaliste,1900,1970,Invasive,1,1
Leeuwin-Naturaliste,1900,1970,Native,7354,2280
Leeuwin-Naturaliste,1971,1975,Introduced,5,4
Leeuwin-Naturaliste,1971,1975,Native,3529,1166
Leeuwin-Naturaliste,1976,1980,Introduced,20,17
Leeuwin-Naturaliste,1976,1980,Invasive,1,1
Leeuwin-Naturaliste,1976,1980,Native,6772,979
Leeuwin-Naturaliste,1981,1985,Introduced,34,26
Leeuwin-Naturaliste,1981,1985,Native,3539,882
Leeuwin-Naturaliste,1986,1990,Introduced,73,52
Leeuwin-Naturaliste,1986,1990,Native,1405,663
Leeuwin-Naturaliste,1991,1995,Introduced,46,35
Leeuwin-Naturaliste,1991,1995,Invasive,6,3
Leeuwin-Naturaliste,1991,1995,Native,1588,716
Leeuwin-Naturaliste,1996,2000,Introduced,70,48
Leeuwin-Naturaliste,1996,2000,Invasive,2,1
Leeuwin-Naturaliste,1996,2000,Native,3729,749
Leeuwin-Naturaliste,2001,2005,Introduced,58,45
Leeuwin-Naturaliste,2001,2005,Invasive,1,1
Leeuwin-Naturaliste,2001,2005,Native,6882,777
Leeuwin-Naturaliste,2006,2010,Introduced,16,11
Leeuwin-Naturaliste,2006,2010,Native,10067,792
Leeuwin-Naturaliste,2011,2015,Introduced,12,10
Leeuwin-Naturaliste,2011,2015,Invasive,1,1
Leeuwin-Naturaliste,2011,2015,Native,12775,822
Leeuwin-Naturaliste,2016,2020,Introduced,28,14
Leeuwin-Naturaliste,2016,2020,Native,15051,1113
Lucinda-Mackay Coast,1900,1970,Introduced,31,21
Lucinda-Mackay Coast,1900,1970,Native,5868,2203
Lucinda-Mackay Coast,1971,1975,Introduced,1,1
Lucinda-Mackay Coast,1971,1975,Native,1833,900
Lucinda-Mackay Coast,1976,1980,Introduced,36,32
Lucinda-Mackay Coast,1976,1980,Invasive,1,1
Lucinda-Mackay Coast,1976,1980,Native,7011,1631
Lucinda-Mackay Coast,1981,1985,Introduced,1,1
Lucinda-Mackay Coast,1981,1985,Native,3745,1211
Lucinda-Mackay Coast,1986,1990,Introduced,10,8
Lucinda-Mackay Coast,1986,1990,Invasive,1,1
Lucinda-Mackay Coast,1986,1990,Native,2463,954
Lucinda-Mackay Coast,1991,1995,Introduced,48,33
Lucinda-Mackay Coast,1991,1995,Invasive,3,3
Lucinda-Mackay Coast,1991,1995,Native,4080,935
Lucinda-Mackay Coast,1996,2000,Introduced,11,9
Lucinda-Mackay Coast,1996,2000,Invasive,7,2
Lucinda-Mackay Coast,1996,2000,Native,11085,924
Lucinda-Mackay Coast,2001,2005,Introduced,8,7
Lucinda-Mackay Coast,2001,2005,Invasive,5,2
Lucinda-Mackay Coast,2001,2005,Native,14251,1395
Lucinda-Mackay Coast,2006,2010,Introduced,11,8
Lucinda-Mackay Coast,2006,2010,Invasive,1,1
Lucinda-Mackay Coast,2006,2010,Native,13172,795
Lucinda-Mackay Coast,2011,2015,Introduced,2,2
Lucinda-Mackay Coast,2011,2015,Native,165760,849
Lucinda-Mackay Coast,2016,2020,Introduced,16,12
Lucinda-Mackay Coast,2016,2020,Invasive,1,1
Lucinda-Mackay Coast,2016,2020,Native,9947,982
Mackay-Capricorn,1900,1970,Introduced,20,10
Mackay-Capricorn,1900,1970,Native,15005,3138
Mackay-Capricorn,1971,1975,Introduced,5,5
Mackay-Capricorn,1971,1975,Invasive,1,1
Mackay-Capricorn,1971,1975,Native,4279,1473
Mackay-Capricorn,1976,1980,Introduced,2,2
Mackay-Capricorn,1976,1980,Native,4725,1717
Mackay-Capricorn,1981,1985,Introduced,7,6
Mackay-Capricorn,1981,1985,Native,4000,1363
Mackay-Capricorn,1986,1990,Introduced,6,5
Mackay-Capricorn,1986,1990,Native,5623,750
Mackay-Capricorn,1991,1995,Native,5128,752
Mackay-Capricorn,1996,2000,Introduced,52,22
Mackay-Capricorn,1996,2000,Invasive,5,1
Mackay-Capricorn,1996,2000,Native,7009,866
Mackay-Capricorn,2001,2005,Introduced,2,1
Mackay-Capricorn,2001,2005,Invasive,4,1
Mackay-Capricorn,2001,2005,Native,18364,1366
Mackay-Capricorn,2006,2010,Introduced,33,24
Mackay-Capricorn,2006,2010,Invasive,1,1
Mackay-Capricorn,2006,2010,Native,18000,1169
Mackay-Capricorn,2011,2015,Introduced,4,4
Mackay-Capricorn,2011,2015,Native,149595,792
Mackay-Capricorn,2016,2020,Introduced,6,3
Mackay-Capricorn,2016,2020,Native,14965,851
Manning Shelf,1900,1970,Introduced,43,29
Manning Shelf,1900,1970,Invasive,2,2
Manning Shelf,1900,1970,Native,11453,2218
Manning Shelf,1971,1975,Introduced,7,5
Manning Shelf,1971,1975,Invasive,2,1
Manning Shelf,1971,1975,Native,2301,854
Manning Shelf,1976,1980,Introduced,16,7
Manning Shelf,1976,1980,Invasive,4,1
Manning Shelf,1976,1980,Native,4071,1155
Manning Shelf,1981,1985,Introduced,3,2
Manning Shelf,1981,1985,Invasive,8,4
Manning Shelf,1981,1985,Native,2305,792
Manning Shelf,1986,1990,Introduced,4,2
Manning Shelf,1986,1990,Native,5424,685
Manning Shelf,1991,1995,Introduced,17,8
Manning Shelf,1991,1995,Invasive,2,2
Manning Shelf,1991,1995,Native,9226,704
Manning Shelf,1996,2000,Introduced,3,3
Manning Shelf,1996,2000,Invasive,1,1
Manning Shelf,1996,2000,Native,4248,786
Manning Shelf,2001,2005,Introduced,13,12
Manning Shelf,2001,2005,Invasive,5,5
Manning Shelf,2001,2005,Native,6218,956
Manning Shelf,2006,2010,Introduced,8,7
Manning Shelf,2006,2010,Invasive,22,3
Manning Shelf,2006,2010,Native,19334,1045
Manning Shelf,2011,2015,Introduced,32,8
Manning Shelf,2011,2015,Invasive,17,3
Manning Shelf,2011,2015,Native,49605,1083
Manning Shelf,2016,2020,Introduced,48,7
Manning Shelf,2016,2020,Invasive,2,1
Manning Shelf,2016,2020,Native,23049,1361
Murat,1900,1970,Introduced,10,8
Murat,1900,1970,Native,2081,761
Murat,1971,1975,Introduced,7,4
Murat,1971,1975,Invasive,1,1
Murat,1971,1975,Native,1968,665
Murat,1976,1980,Introduced,2,2
Murat,1976,1980,Native,1025,339
Murat,1981,1985,Introduced,19,10
Murat,1981,1985,Invasive,34,1
Murat,1981,1985,Native,2032,360
Murat,1986,1990,Introduced,11,11
Murat,1986,1990,Native,147,88
Murat,1991,1995,Introduced,1,1
Murat,1991,1995,Invasive,3,1
Murat,1991,1995,Native,846,225
Murat,1996,2000,Native,773,184
Murat,2001,2005,Introduced,7,7
Murat,2001,2005,Invasive,2,1
Murat,2001,2005,Native,987,325
Murat,2006,2010,Introduced,1,1
Murat,2006,2010,Native,1226,184
Murat,2011,2015,Introduced,16,3
Murat,2011,2015,Native,2923,200
Murat,2016,2020,Native,419,99
Ningaloo,1900,1970,Native,1374,630
Ningaloo,1971,1975,Native,423,263
Ningaloo,1976,1980,Native,992,365
Ningaloo,1981,1985,Native,893,391
Ningaloo,1986,1990,Native,255,113
Ningaloo,1991,1995,Native,317,126
Ningaloo,1996,2000,Native,1748,348
Ningaloo,2001,2005,Native,1398,479
Ningaloo,2006,2010,Native,96253,1314
Ningaloo,2011,2015,Native,139992,653
Ningaloo,2016,2020,Invasive,1,1
Ningaloo,2016,2020,Native,16831,787
North Spencer Gulf,1900,1970,Introduced,10,7
North Spencer Gulf,1900,1970,Native,429,259
North Spencer Gulf,1971,1975,Introduced,13,12
North Spencer Gulf,1971,1975,Native,544,304
North Spencer Gulf,1976,1980,Native,1300,229
North Spencer Gulf,1981,1985,Native,336,160
North Spencer Gulf,1986,1990,Introduced,5,5
North Spencer Gulf,1986,1990,Native,432,107
North Spencer Gulf,1991,1995,Introduced,1,1
North Spencer Gulf,1991,1995,Native,158,82
North Spencer Gulf,1996,2000,Introduced,15,12
North Spencer Gulf,1996,2000,Invasive,1,1
North Spencer Gulf,1996,2000,Native,2056,235
North Spencer Gulf,2001,2005,Introduced,1,1
North Spencer Gulf,2001,2005,Native,1019,195
North Spencer Gulf,2006,2010,Native,1061,268
North Spencer Gulf,2011,2015,Native,439,131
North Spencer Gulf,2016,2020,Native,653,184
Northwest Shelf,1900,1970,Native,5724,466
Northwest Shelf,1971,1975,Native,1098,201
Northwest Shelf,1976,1980,Native,5967,525
Northwest Shelf,1981,1985,Introduced,1,1
Northwest Shelf,1981,1985,Native,23076,1737
Northwest Shelf,1986,1990,Native,10384,539
Northwest Shelf,1991,1995,Native,4343,434
Northwest Shelf,1996,2000,Native,2469,387
Northwest Shelf,2001,2005,Native,117,48
Northwest Shelf,2006,2010,Introduced,3,2
Northwest Shelf,2006,2010,Native,2695,618
Northwest Shelf,2011,2015,Introduced,3,1
Northwest Shelf,2011,2015,Native,961,163
Northwest Shelf,2016,2020,Native,2142,418
Oceanic Shoals,1900,1970,Native,1625,188
Oceanic Shoals,1971,1975,Native,312,118
Oceanic Shoals,1976,1980,Native,2642,381
Oceanic Shoals,1981,1985,Native,416,148
Oceanic Shoals,1986,1990,Introduced,17,6
Oceanic Shoals,1986,1990,Invasive,9,1
Oceanic Shoals,1986,1990,Native,913,403
Oceanic Shoals,1991,1995,Native,186,98
Oceanic Shoals,1996,2000,Native,5944,328
Oceanic Shoals,2001,2005,Native,1096,41
Oceanic Shoals,2006,2010,Native,1048,384
Oceanic Shoals,2011,2015,Native,1147,324
Oceanic Shoals,2016,2020,Native,40,14
Otway,1900,1970,Introduced,110,52
Otway,1900,1970,Invasive,7,2
Otway,1900,1970,Native,35979,1890
Otway,1971,1975,Introduced,50,45
Otway,1971,1975,Invasive,8,3
Otway,1971,1975,Native,8818,1139
Otway,1976,1980,Introduced,244,104
Otway,1976,1980,Invasive,10,5
Otway,1976,1980,Native,17316,1638
Otway,1981,1985,Introduced,56,29
Otway,1981,1985,Invasive,3,2
Otway,1981,1985,Native,6920,1395
Otway,1986,1990,Introduced,36,29
Otway,1986,1990,Invasive,2,2
Otway,1986,1990,Native,7546,943
Otway,1991,1995,Introduced,24,16
Otway,1991,1995,Invasive,1,1
Otway,1991,1995,Native,6489,758
Otway,1996,2000,Introduced,183,53
Otway,1996,2000,Invasive,34,4
Otway,1996,2000,Native,12379,1086
Otway,2001,2005,Introduced,21,9
Otway,2001,2005,Invasive,18,3
Otway,2001,2005,Native,11932,665
Otway,2006,2010,Introduced,73,53
Otway,2006,2010,Invasive,1,1
Otway,2006,2010,Native,11181,798
Otway,2011,2015,Introduced,17,11
Otway,2011,2015,Invasive,204,2
Otway,2011,2015,Native,12651,992
Otway,2016,2020,Introduced,23,15
Otway,2016,2020,Native,18732,641
Pellew,1900,1970,Native,1323,364
Pellew,1971,1975,Introduced,1,1
Pellew,1971,1975,Native,490,241
Pellew,1976,1980,Introduced,1,1
Pellew,1976,1980,Invasive,1,1
Pellew,1976,1980,Native,952,332
Pellew,1981,1985,Native,935,202
Pellew,1986,1990,Introduced,2,2
Pellew,1986,1990,Native,860,405
Pellew,1991,1995,Invasive,2,1
Pellew,1991,1995,Native,2855,201
Pellew,1996,2000,Native,7237,464
Pellew,2001,2005,Introduced,11,8
Pellew,2001,2005,Invasive,2,1
Pellew,2001,2005,Native,1278,137
Pellew,2006,2010,Invasive,2,1
Pellew,2006,2010,Native,858,89
Pellew,2011,2015,Invasive,2,1
Pellew,2011,2015,Native,648,94
Pellew,2016,2020,Introduced,2,1
Pellew,2016,2020,Native,611,138
Pilbarra (nearshore),1900,1970,Introduced,2,1
Pilbarra (nearshore),1900,1970,Native,1915,958
Pilbarra (nearshore),1971,1975,Native,1705,898
Pilbarra (nearshore),1976,1980,Introduced,1,1
Pilbarra (nearshore),1976,1980,Native,1513,567
Pilbarra (nearshore),1981,1985,Introduced,3,2
Pilbarra (nearshore),1981,1985,Native,1016,630
Pilbarra (nearshore),1986,1990,Native,709,395
Pilbarra (nearshore),1991,1995,Introduced,2,1
Pilbarra (nearshore),1991,1995,Native,1301,402
Pilbarra (nearshore),1996,2000,Native,4970,1253
Pilbarra (nearshore),2001,2005,Native,1290,378
Pilbarra (nearshore),2006,2010,Introduced,4,2
Pilbarra (nearshore),2006,2010,Native,2571,358
Pilbarra (nearshore),2011,2015,Native,27571,781
Pilbarra (nearshore),2016,2020,Native,7972,715
Pilbarra (offshore),1900,1970,Native,1617,493
Pilbarra (offshore),1971,1975,Native,749,317
Pilbarra (offshore),1976,1980,Introduced,1,1
Pilbarra (offshore),1976,1980,Native,3355,619
Pilbarra (offshore),1981,1985,Invasive,1,1
Pilbarra (offshore),1981,1985,Native,12933,1316
Pilbarra (offshore),1986,1990,Introduced,1,1
Pilbarra (offshore),1986,1990,Native,8557,722
Pilbarra (offshore),1991,1995,Native,3968,764
Pilbarra (offshore),1996,2000,Native,2092,440
Pilbarra (offshore),2001,2005,Native,608,317
Pilbarra (offshore),2006,2010,Native,1279,483
Pilbarra (offshore),2011,2015,Introduced,1,1
Pilbarra (offshore),2011,2015,Native,35780,699
Pilbarra (offshore),2016,2020,Native,2873,482
Pompey-Swains,1900,1970,Native,1942,991
Pompey-Swains,1971,1975,Native,342,228
Pompey-Swains,1976,1980,Native,750,271
Pompey-Swains,1981,1985,Native,1850,814
Pompey-Swains,1986,1990,Native,2083,379
Pompey-Swains,1991,1995,Native,11193,443
Pompey-Swains,1996,2000,Native,19133,644
Pompey-Swains,2001,2005,Native,26527,1304
Pompey-Swains,2006,2010,Native,26909,260
Pompey-Swains,2011,2015,Native,21328,363
Pompey-Swains,2016,2020,Native,12201,443
Ribbons,1900,1970,Introduced,2,2
Ribbons,1900,1970,Native,4582,1520
Ribbons,1971,1975,Introduced,3,3
Ribbons,1971,1975,Native,7536,2077
Ribbons,1976,1980,Introduced,1,1
Ribbons,1976,1980,Native,6527,2095
Ribbons,1981,1985,Native,6533,1901
Ribbons,1986,1990,Introduced,6,6
Ribbons,1986,1990,Native,2261,731
Ribbons,1991,1995,Introduced,8,5
Ribbons,1991,1995,Native,43605,1609
Ribbons,1996,2000,Native,20446,620
Ribbons,2001,2005,Introduced,1,1
Ribbons,2001,2005,Invasive,1,1
Ribbons,2001,2005,Native,35178,2226
Ribbons,2006,2010,Introduced,118,1
Ribbons,2006,2010,Native,25451,1850
Ribbons,2011,2015,Native,35329,1995
Ribbons,2016,2020,Introduced,7,4
Ribbons,2016,2020,Native,22939,1684
Shark Bay,1900,1970,Introduced,2,2
Shark Bay,1900,1970,Native,3285,635
Shark Bay,1971,1975,Introduced,11,10
Shark Bay,1971,1975,Native,501,344
Shark Bay,1976,1980,Introduced,2,1
Shark Bay,1976,1980,Native,668,252
Shark Bay,1981,1985,Native,518,260
Shark Bay,1986,1990,Introduced,14,9
Shark Bay,1986,1990,Native,376,236
Shark Bay,1991,1995,Native,412,212
Shark Bay,1996,2000,Introduced,6,5
Shark Bay,1996,2000,Native,654,199
Shark Bay,2001,2005,Introduced,3,2
Shark Bay,2001,2005,Native,1508,264
Shark Bay,2006,2010,Native,1476,334
Shark Bay,2011,2015,Native,700,176
Shark Bay,2016,2020,Invasive,1,1
Shark Bay,2016,2020,Native,1529,201
Shoalwater Coast,1900,1970,Introduced,23,19
Shoalwater Coast,1900,1970,Invasive,1,1
Shoalwater Coast,1900,1970,Native,4409,1794
Shoalwater Coast,1971,1975,Introduced,2,2
Shoalwater Coast,1971,1975,Invasive,2,2
Shoalwater Coast,1971,1975,Native,1092,678
Shoalwater Coast,1976,1980,Introduced,51,38
Shoalwater Coast,1976,1980,Invasive,2,2
Shoalwater Coast,1976,1980,Native,2259,832
Shoalwater Coast,1981,1985,Introduced,6,5
Shoalwater Coast,1981,1985,Native,754,445
Shoalwater Coast,1986,1990,Introduced,15,7
Shoalwater Coast,1986,1990,Invasive,2,2
Shoalwater Coast,1986,1990,Native,1201,501
Shoalwater Coast,1991,1995,Introduced,39,26
Shoalwater Coast,1991,1995,Invasive,1,1
Shoalwater Coast,1991,1995,Native,2300,957
Shoalwater Coast,1996,2000,Introduced,4,3
Shoalwater Coast,1996,2000,Invasive,33,1
Shoalwater Coast,1996,2000,Native,3832,448
Shoalwater Coast,2001,2005,Introduced,21,9
Shoalwater Coast,2001,2005,Invasive,11,1
Shoalwater Coast,2001,2005,Native,11744,1361
Shoalwater Coast,2006,2010,Introduced,1,1
Shoalwater Coast,2006,2010,Native,6855,483
Shoalwater Coast,2011,2015,Introduced,13,1
Shoalwater Coast,2011,2015,Native,20757,408
Shoalwater Coast,2016,2020,Introduced,32,13
Shoalwater Coast,2016,2020,Invasive,1,1
Shoalwater Coast,2016,2020,Native,3372,525
Spencer Gulf,1900,1970,Introduced,28,16
Spencer Gulf,1900,1970,Invasive,2,2
Spencer Gulf,1900,1970,Native,1613,818
Spencer Gulf,1971,1975,Introduced,13,12
Spencer Gulf,1971,1975,Invasive,1,1
Spencer Gulf,1971,1975,Native,853,377
Spencer Gulf,1976,1980,Introduced,2,2
Spencer Gulf,1976,1980,Invasive,1,1
Spencer Gulf,1976,1980,Native,673,234
Spencer Gulf,1981,1985,Introduced,15,7
Spencer Gulf,1981,1985,Invasive,14,1
Spencer Gulf,1981,1985,Native,887,425
Spencer Gulf,1986,1990,Introduced,2,2
Spencer Gulf,1986,1990,Invasive,2,1
Spencer Gulf,1986,1990,Native,200,87
Spencer Gulf,1991,1995,Introduced,5,3
Spencer Gulf,1991,1995,Native,243,132
Spencer Gulf,1996,2000,Introduced,16,9
Spencer Gulf,1996,2000,Invasive,3,1
Spencer Gulf,1996,2000,Native,2458,288
Spencer Gulf,2001,2005,Introduced,1,1
Spencer Gulf,2001,2005,Native,3376,300
Spencer Gulf,2006,2010,Native,2912,368
Spencer Gulf,2011,2015,Introduced,12,9
Spencer Gulf,2011,2015,Invasive,200,1
Spencer Gulf,2011,2015,Native,1762,323
Spencer Gulf,2016,2020,Introduced,2,2
Spencer Gulf,2016,2020,Invasive,503,2
Spencer Gulf,2016,2020,Native,1351,362
St Vincent Gulf,1900,1970,Introduced,135,88
St Vincent Gulf,1900,1970,Invasive,3,1
St Vincent Gulf,1900,1970,Native,9488,2056
St Vincent Gulf,1971,1975,Introduced,42,33
St Vincent Gulf,1971,1975,Invasive,4,1
St Vincent Gulf,1971,1975,Native,2506,1010
St Vincent Gulf,1976,1980,Introduced,88,55
St Vincent Gulf,1976,1980,Invasive,3,2
St Vincent Gulf,1976,1980,Native,5886,1251
St Vincent Gulf,1981,1985,Introduced,41,23
St Vincent Gulf,1981,1985,Invasive,12,2
St Vincent Gulf,1981,1985,Native,8060,893
St Vincent Gulf,1986,1990,Introduced,26,25
St Vincent Gulf,1986,1990,Invasive,21,2
St Vincent Gulf,1986,1990,Native,4432,608
St Vincent Gulf,1991,1995,Introduced,46,37
St Vincent Gulf,1991,1995,Invasive,2,2
St Vincent Gulf,1991,1995,Native,3736,832
St Vincent Gulf,1996,2000,Introduced,43,31
St Vincent Gulf,1996,2000,Invasive,3,2
St Vincent Gulf,1996,2000,Native,5390,654
St Vincent Gulf,2001,2005,Introduced,55,35
St Vincent Gulf,2001,2005,Invasive,17,3
St Vincent Gulf,2001,2005,Native,8967,935
St Vincent Gulf,2006,2010,Introduced,7,7
St Vincent Gulf,2006,2010,Invasive,3,3
St Vincent Gulf,2006,2010,Native,10018,766
St Vincent Gulf,2011,2015,Introduced,13,7
St Vincent Gulf,2011,2015,Invasive,99,3
St Vincent Gulf,2011,2015,Native,22253,984
St Vincent Gulf,2016,2020,Introduced,47,26
St Vincent Gulf,2016,2020,Invasive,6,3
St Vincent Gulf,2016,2020,Native,23149,1465
Tiwi,1900,1970,Native,299,195
Tiwi,1971,1975,Native,88,60
Tiwi,1976,1980,Native,139,97
Tiwi,1981,1985,Introduced,1,1
Tiwi,1981,1985,Native,117,80
Tiwi,1986,1990,Introduced,4,3
Tiwi,1986,1990,Native,232,142
Tiwi,1991,1995,Introduced,19,14
Tiwi,1991,1995,Invasive,1,1
Tiwi,1991,1995,Native,1014,291
Tiwi,1996,2000,Introduced,6,5
Tiwi,1996,2000,Native,1764,673
Tiwi,2001,2005,Introduced,20,14
Tiwi,2001,2005,Invasive,1,1
Tiwi,2001,2005,Native,531,110
Tiwi,2006,2010,Native,86,37
Tiwi,2011,2015,Introduced,15,11
Tiwi,2011,2015,Native,76,28
Tiwi,2016,2020,Native,7,5
Torres Strait,1900,1970,Native,500,312
Torres Strait,1971,1975,Introduced,6,6
Torres Strait,1971,1975,Native,1672,526
Torres Strait,1976,1980,Introduced,2,2
Torres Strait,1976,1980,Native,2479,894
Torres Strait,1981,1985,Introduced,8,5
Torres Strait,1981,1985,Invasive,3,1
Torres Strait,1981,1985,Native,723,354
Torres Strait,1986,1990,Introduced,1,1
Torres Strait,1986,1990,Native,662,384
Torres Strait,1991,1995,Introduced,7,6
Torres Strait,1991,1995,Native,1782,475
Torres Strait,1996,2000,Introduced,24,15
Torres Strait,1996,2000,Invasive,3,2
Torres Strait,1996,2000,Native,4020,420
Torres Strait,2001,2005,Introduced,21,15
Torres Strait,2001,2005,Invasive,4,1
Torres Strait,2001,2005,Native,3414,572
Torres Strait,2006,2010,Introduced,9,5
Torres Strait,2006,2010,Native,664,204
Torres Strait,2011,2015,Introduced,11,7
Torres Strait,2011,2015,Native,3767,485
Torres Strait,2016,2020,Introduced,5,5
Torres Strait,2016,2020,Invasive,1,1
Torres Strait,2016,2020,Native,2492,304
Tweed-Moreton,1900,1970,Introduced,92,53
Tweed-Moreton,1900,1970,Invasive,2,2
Tweed-Moreton,1900,1970,Native,28427,4707
Tweed-Moreton,1971,1975,Introduced,44,33
Tweed-Moreton,1971,1975,Invasive,6,4
Tweed-Moreton,1971,1975,Native,12282,2376
Tweed-Moreton,1976,1980,Introduced,34,24
Tweed-Moreton,1976,1980,Invasive,7,3
Tweed-Moreton,1976,1980,Native,16406,2579
Tweed-Moreton,1981,1985,Introduced,29,19
Tweed-Moreton,1981,1985,Invasive,11,3
Tweed-Moreton,1981,1985,Native,9741,2341
Tweed-Moreton,1986,1990,Introduced,62,29
Tweed-Moreton,1986,1990,Invasive,5,4
Tweed-Moreton,1986,1990,Native,17392,1971
Tweed-Moreton,1991,1995,Introduced,17,12
Tweed-Moreton,1991,1995,Invasive,13,5
Tweed-Moreton,1991,1995,Native,24625,2458
Tweed-Moreton,1996,2000,Introduced,75,40
Tweed-Moreton,1996,2000,Invasive,29,4
Tweed-Moreton,1996,2000,Native,23567,2112
Tweed-Moreton,2001,2005,Introduced,170,84
Tweed-Moreton,2001,2005,Invasive,30,6
Tweed-Moreton,2001,2005,Native,30814,2469
Tweed-Moreton,2006,2010,Introduced,17,12
Tweed-Moreton,2006,2010,Invasive,3,2
Tweed-Moreton,2006,2010,Native,41601,1831
Tweed-Moreton,2011,2015,Introduced,8,4
Tweed-Moreton,2011,2015,Invasive,2,2
Tweed-Moreton,2011,2015,Native,71915,1812
Tweed-Moreton,2016,2020,Introduced,90,35
Tweed-Moreton,2016,2020,Invasive,15,6
Tweed-Moreton,2016,2020,Native,98782,2914
Twofold Shelf,1900,1970,Introduced,138,56
Twofold Shelf,1900,1970,Invasive,11,3
Twofold Shelf,1900,1970,Native,46699,2766
Twofold Shelf,1971,1975,Introduced,26,16
Twofold Shelf,1971,1975,Invasive,14,2
Twofold Shelf,1971,1975,Native,6989,1680
Twofold Shelf,1976,1980,Introduced,50,29
Twofold Shelf,1976,1980,Invasive,19,4
Twofold Shelf,1976,1980,Native,20542,1381
Twofold Shelf,1981,1985,Introduced,63,42
Twofold Shelf,1981,1985,Invasive,5,3
Twofold Shelf,1981,1985,Native,12154,1947
Twofold Shelf,1986,1990,Introduced,35,16
Twofold Shelf,1986,1990,Invasive,10,4
Twofold Shelf,1986,1990,Native,8404,1431
Twofold Shelf,1991,1995,Introduced,27,15
Twofold Shelf,1991,1995,Invasive,2,2
Twofold Shelf,1991,1995,Native,14793,1699
Twofold Shelf,1996,2000,Introduced,47,9
Twofold Shelf,1996,2000,Invasive,1,1
Twofold Shelf,1996,2000,Native,14216,1371
Twofold Shelf,2001,2005,Introduced,4,3
Twofold Shelf,2001,2005,Invasive,5,2
Twofold Shelf,2001,2005,Native,6199,814
Twofold Shelf,2006,2010,Introduced,40,17
Twofold Shelf,2006,2010,Invasive,8,3
Twofold Shelf,2006,2010,Native,15536,810
Twofold Shelf,2011,2015,Introduced,13,8
Twofold Shelf,2011,2015,Invasive,2,2
Twofold Shelf,2011,2015,Native,11352,891
Twofold Shelf,2016,2020,Introduced,4,2
Twofold Shelf,2016,2020,Invasive,2,1
Twofold Shelf,2016,2020,Native,15304,1065
Van Diemens Gulf,1900,1970,Native,368,200
Van Diemens Gulf,1971,1975,Native,128,77
Van Diemens Gulf,1976,1980,Native,1154,381
Van Diemens Gulf,1981,1985,Native,273,172
Van Diemens Gulf,1986,1990,Introduced,1,1
Van Diemens Gulf,1986,1990,Native,389,178
Van Diemens Gulf,1991,1995,Introduced,5,4
Van Diemens Gulf,1991,1995,Invasive,3,2
Van Diemens Gulf,1991,1995,Native,2227,286
Van Diemens Gulf,1996,2000,Invasive,2,1
Van Diemens Gulf,1996,2000,Native,1566,350
Van Diemens Gulf,2001,2005,Invasive,18,1
Van Diemens Gulf,2001,2005,Native,665,350
Van Diemens Gulf,2006,2010,Native,285,14
Van Diemens Gulf,2011,2015,Native,326,96
Van Diemens Gulf,2016,2020,Native,193,60
Victorian Embayments,1900,1970,Introduced,255,70
Victorian Embayments,1900,1970,Invasive,34,6
Victorian Embayments,1900,1970,Native,37064,3110
Victorian Embayments,1971,1975,Introduced,103,17
Victorian Embayments,1971,1975,Invasive,22,1
Victorian Embayments,1971,1975,Native,22325,1795
Victorian Embayments,1976,1980,Introduced,175,70
Victorian Embayments,1976,1980,Invasive,20,5
Victorian Embayments,1976,1980,Native,63500,1546
Victorian Embayments,1981,1985,Introduced,255,71
Victorian Embayments,1981,1985,Invasive,13,5
Victorian Embayments,1981,1985,Native,28556,1372
Victorian Embayments,1986,1990,Introduced,161,71
Victorian Embayments,1986,1990,Invasive,18,4
Victorian Embayments,1986,1990,Native,38877,1382
Victorian Embayments,1991,1995,Introduced,564,88
Victorian Embayments,1991,1995,Invasive,23,8
Victorian Embayments,1991,1995,Native,35163,1215
Victorian Embayments,1996,2000,Introduced,228,53
Victorian Embayments,1996,2000,Invasive,25,6
Victorian Embayments,1996,2000,Native,39204,1096
Victorian Embayments,2001,2005,Introduced,317,55
Victorian Embayments,2001,2005,Invasive,46,6
Victorian Embayments,2001,2005,Native,41053,1074
Victorian Embayments,2006,2010,Introduced,200,66
Victorian Embayments,2006,2010,Invasive,63,12
Victorian Embayments,2006,2010,Native,59006,1294
Victorian Embayments,2011,2015,Introduced,57,25
Victorian Embayments,2011,2015,Invasive,35,8
Victorian Embayments,2011,2015,Native,45555,1037
Victorian Embayments,2016,2020,Introduced,64,46
Victorian Embayments,2016,2020,Invasive,37,5
Victorian Embayments,2016,2020,Native,73069,1400
WA South Coast,1900,1970,Introduced,39,27
WA South Coast,1900,1970,Native,7231,2174
WA South Coast,1971,1975,Introduced,33,19
WA South Coast,1971,1975,Invasive,1,1
WA South Coast,1971,1975,Native,2736,880
WA South Coast,1976,1980,Introduced,18,14
WA South Coast,1976,1980,Invasive,2,2
WA South Coast,1976,1980,Native,3478,934
WA South Coast,1981,1985,Introduced,12,10
WA South Coast,1981,1985,Native,2895,1179
WA South Coast,1986,1990,Introduced,82,53
WA South Coast,1986,1990,Native,1902,980
WA South Coast,1991,1995,Introduced,45,36
WA South Coast,1991,1995,Native,1415,549
WA South Coast,1996,2000,Introduced,43,36
WA South Coast,1996,2000,Native,2832,557
WA South Coast,2001,2005,Introduced,21,15
WA South Coast,2001,2005,Invasive,1,1
WA South Coast,2001,2005,Native,3782,903
WA South Coast,2006,2010,Introduced,4,4
WA South Coast,2006,2010,Native,3168,469
WA South Coast,2011,2015,Introduced,1,1
WA South Coast,2011,2015,Native,3390,480
WA South Coast,2016,2020,Introduced,10,6
WA South Coast,2016,2020,Native,8587,653
Wellesley,1900,1970,Introduced,2,2
Wellesley,1900,1970,Invasive,1,1
Wellesley,1900,1970,Native,1036,494
Wellesley,1971,1975,Native,181,113
Wellesley,1976,1980,Native,356,145
Wellesley,1981,1985,Introduced,2,2
Wellesley,1981,1985,Native,711,213
Wellesley,1986,1990,Native,723,316
Wellesley,1991,1995,Native,63,26
Wellesley,1996,2000,Native,9948,415
Wellesley,2001,2005,Introduced,6,5
Wellesley,2001,2005,Invasive,1,1
Wellesley,2001,2005,Native,1941,486
Wellesley,2006,2010,Invasive,2,1
Wellesley,2006,2010,Native,2425,205
Wellesley,2011,2015,Native,854,119
West Cape York,1900,1970,Introduced,4,4
West Cape York,1900,1970,Native,2932,1124
West Cape York,1971,1975,Introduced,3,2
West Cape York,1971,1975,Invasive,1,1
West Cape York,1971,1975,Native,825,379
West Cape York,1976,1980,Introduced,1,1
West Cape York,1976,1980,Native,2051,717
West Cape York,1981,1985,Introduced,1,1
West Cape York,1981,1985,Native,1620,628
West Cape York,1986,1990,Introduced,5,3
West Cape York,1986,1990,Native,13862,719
West Cape York,1991,1995,Introduced,1,1
West Cape York,1991,1995,Invasive,2,1
West Cape York,1991,1995,Native,24842,520
West Cape York,1996,2000,Introduced,10,10
West Cape York,1996,2000,Invasive,1,1
West Cape York,1996,2000,Native,7308,608
West Cape York,2001,2005,Introduced,10,6
West Cape York,2001,2005,Invasive,5,2
West Cape York,2001,2005,Native,2580,495
West Cape York,2006,2010,Introduced,6,4
West Cape York,2006,2010,Invasive,3,1
West Cape York,2006,2010,Native,1504,346
West Cape York,2011,2015,Introduced,2,1
West Cape York,2011,2015,Native,1932,260
West Cape York,2016,2020,Introduced,1,1
West Cape York,2016,2020,Native,1683,259
Wet Tropic Coast,1900,1970,Introduced,28,19
Wet Tropic Coast,1900,1970,Invasive,3,2
Wet Tropic Coast,1900,1970,Native,8443,3186
Wet Tropic Coast,1971,1975,Introduced,16,11
Wet Tropic Coast,1971,1975,Invasive,6,2
Wet Tropic Coast,1971,1975,Native,2698,1314
Wet Tropic Coast,1976,1980,Introduced,6,4
Wet Tropic Coast,1976,1980,Native,3430,1258
Wet Tropic Coast,1981,1985,Introduced,2,2
Wet Tropic Coast,1981,1985,Native,2450,972
Wet Tropic Coast,1986,1990,Introduced,5,4
Wet Tropic Coast,1986,1990,Native,3591,778
Wet Tropic Coast,1991,1995,Introduced,16,11
Wet Tropic Coast,1991,1995,Invasive,1,1
Wet Tropic Coast,1991,1995,Native,5226,746
Wet Tropic Coast,1996,2000,Introduced,20,12
Wet Tropic Coast,1996,2000,Invasive,2,2
Wet Tropic Coast,1996,2000,Native,12308,956
Wet Tropic Coast,2001,2005,Introduced,19,12
Wet Tropic Coast,2001,2005,Native,16521,1163
Wet Tropic Coast,2006,2010,Introduced,22,15
Wet Tropic Coast,2006,2010,Native,14545,786
Wet Tropic Coast,2011,2015,Introduced,4,2
Wet Tropic Coast,2011,2015,Invasive,1,1
Wet Tropic Coast,2011,2015,Native,44100,889
Wet Tropic Coast,2016,2020,Introduced,22,15
Wet Tropic Coast,2016,2020,Invasive,2,1
Wet Tropic Coast,2016,2020,Native,99105,1114
Zuytdorp,1900,1970,Native,6701,367
Zuytdorp,1971,1975,Native,395,198
Zuytdorp,1976,1980,Native,214,142
Zuytdorp,1981,1985,Native,328,197
Zuytdorp,1986,1990,Native,249,123
Zuytdorp,1991,1995,Native,168,99
Zuytdorp,1996,2000,Native,345,159
Zuytdorp,2001,2005,Invasive,2,1
Zuytdorp,2001,2005,Native,1232,402
Zuytdorp,2006,2010,Native,432,119
Zuytdorp,2011,2015,Native,244,60
Zuytdorp,2016,2020,Native,806,163
